gene,stage,sirna,rep,k,half_life
CAT,22+12w,siControl,1,0.091188526542415702,7.6012543117201563
CAT,22+12w,siControl,2,0.090706595884359281,7.6416403217648039
CAT,22+12w,siControl,3,0.15298571963182317,4.5307966144034859
CAT,22+12w,siFTO,1,0.19474208811027469,3.559308556697018
CAT,22+12w,siFTO,2,0.32324653446248736,2.1443298122671282
CAT,22+12w,siFTO,3,0.32221640979691024,2.1511852267140243
CAT,22+12w,siMETTL3,1,0.18504693617433343,3.745791175417942
CAT,22+12w,siMETTL3,2,0.28931113509025125,2.3958537936803452
CAT,22+12w,siMETTL3,3,0.35214624589099203,1.9683503335557671
CAT,22w,siControl,1,0.083182442675122564,8.3328543652787594
CAT,22w,siControl,2,0.12686081662637394,5.4638398127404324
CAT,22w,siControl,3,0.076645340854264096,9.0435657645246508
CAT,22w,siFTO,1,0.1745640014739617,3.9707337979608379
CAT,22w,siFTO,2,0.10011573302502712,6.923459076973157
CAT,22w,siFTO,3,0.1605732825296875,4.3167030631748666
CAT,22w,siMETTL3,1,0.1660171230873361,4.1751547531353355
CAT,22w,siMETTL3,2,0.23604320096776912,2.9365267786492697
CAT,22w,siMETTL3,3,0.24856335236052962,2.7886137436486109
CAT,8w,siControl,1,0.074919574716587514,9.2518835455492727
CAT,8w,siControl,2,0.12410840852074867,5.5850138505648763
CAT,8w,siControl,3,0.11012578629184921,6.2941405814166478
CAT,8w,siFTO,1,0.097932135625545272,7.0778317671971624
CAT,8w,siFTO,2,0.14204036258284974,4.8799310840652375
CAT,8w,siFTO,3,0.12646022419828223,5.4811478071803119
CAT,8w,siMETTL3,1,0.17597517817338354,3.9388917673207655
CAT,8w,siMETTL3,2,0.22283838997344727,3.1105375543349534
CAT,8w,siMETTL3,3,0.23912046845244778,2.898736294077588
GPX1,22+12w,siControl,1,0.12129763668097919,5.7144326923942321
GPX1,22+12w,siControl,2,0.12045225329128761,5.7545389282483521
GPX1,22+12w,siControl,3,0.10251694499987685,6.7612937603708145
GPX1,22+12w,siFTO,1,0.28130514425761588,2.4640401880641378
GPX1,22+12w,siFTO,2,0.19154838267266999,3.6186532660233373
GPX1,22+12w,siFTO,3,0.3006386863269484,2.3055821226085951
GPX1,22+12w,siMETTL3,1,0.29805538661635789,2.3255650180619951
GPX1,22+12w,siMETTL3,2,0.15757182214179366,4.398928508526132
GPX1,22+12w,siMETTL3,3,0.29729038009311565,2.3315493099468658
GPX1,22w,siControl,1,0.085296559028391769,8.1263205509758567
GPX1,22w,siControl,2,0.10777837261570472,6.4312270053606717
GPX1,22w,siControl,3,0.11460140601544916,6.0483305105916738
GPX1,22w,siFTO,1,0.050691209186224939,13.67391292666785
GPX1,22w,siFTO,2,0.06999782706765896,9.9024099689545864
GPX1,22w,siFTO,3,0.049652655352978393,13.959921692654593
GPX1,22w,siMETTL3,1,0.18139561664379969,3.8211903539050476
GPX1,22w,siMETTL3,2,0.24308112194635681,2.8515056003111141
GPX1,22w,siMETTL3,3,0.29358031545451457,2.361013814862996
GPX1,8w,siControl,1,0.075673012873383086,9.1597671909763498
GPX1,8w,siControl,2,0.070710742061170076,9.8025725703786453
GPX1,8w,siControl,3,0.14113056736035018,4.9113894567583305
GPX1,8w,siFTO,1,0.10853183825046452,6.3865791986341724
GPX1,8w,siFTO,2,0.14223770135741984,4.8731607298558695
GPX1,8w,siFTO,3,0.16351775067745364,4.2389720852215627
GPX1,8w,siMETTL3,1,0.19677405284635005,3.5225537642464757
GPX1,8w,siMETTL3,2,0.19635531754203847,3.5300657463047656
GPX1,8w,siMETTL3,3,0.39696301835882636,1.7461253278092255
PRDX5,22+12w,siControl,1,0.11228660405772073,6.1730175774452505
PRDX5,22+12w,siControl,2,0.13924691265525138,4.9778279987869078
PRDX5,22+12w,siControl,3,0.10154628263206444,6.8259237324466646
PRDX5,22+12w,siFTO,1,0.21229166199033478,3.2650702060616159
PRDX5,22+12w,siFTO,2,0.28458537794065097,2.4356387723634136
PRDX5,22+12w,siFTO,3,0.26185899479270131,2.6470245221428046
PRDX5,22+12w,siMETTL3,1,0.19485266885747873,3.5572886151584333
PRDX5,22+12w,siMETTL3,2,0.21935677701084899,3.1599077539585818
PRDX5,22+12w,siMETTL3,3,0.26780105901484774,2.5882914097121437
PRDX5,22w,siControl,1,0.061605045042136923,11.251467799201235
PRDX5,22w,siControl,2,0.05164745410503338,13.420742465840027
PRDX5,22w,siControl,3,0.077007633846765428,9.0010190670085066
PRDX5,22w,siFTO,1,0.19304950031347232,3.5905152794201389
PRDX5,22w,siFTO,2,0.15124165928152877,4.5830440095191403
PRDX5,22w,siFTO,3,0.33947570357971901,2.0418167581680073
PRDX5,22w,siMETTL3,1,0.012147627427206509,57.06029302541284
PRDX5,22w,siMETTL3,2,0.021621869663977823,32.057689336400593
PRDX5,22w,siMETTL3,3,0.046658424687369832,14.855777605101533
PRDX5,8w,siControl,1,0.081034755065928596,8.5537024205973307
PRDX5,8w,siControl,2,0.061589115687654378,11.254377868894903
PRDX5,8w,siControl,3,0.10156091100839629,6.8249405571267587
PRDX5,8w,siFTO,1,0.15669675066146893,4.4234942820061125
PRDX5,8w,siFTO,2,0.24090313152620604,2.8772858873548639
PRDX5,8w,siFTO,3,0.16610323326162349,4.1729902961503047
PRDX5,8w,siMETTL3,1,0.028191757511393863,24.586873673264456
PRDX5,8w,siMETTL3,2,0.012048097085734798,57.531672896348603
PRDX5,8w,siMETTL3,3,0.03464626714024955,20.006402933801102
SOD1,22+12w,siControl,1,0.13978347395328189,4.9587205193627346
SOD1,22+12w,siControl,2,0.1123707292284596,6.1683962124221505
SOD1,22+12w,siControl,3,0.13419612653456817,5.1651802362670614
SOD1,22+12w,siFTO,1,0.26125496006383658,2.6531445771999032
SOD1,22+12w,siFTO,2,0.22586840415310891,3.0688098371212784
SOD1,22+12w,siFTO,3,0.17608429538586187,3.936450885872695
SOD1,22+12w,siMETTL3,1,0.20305784201948071,3.4135454886467622
SOD1,22+12w,siMETTL3,2,0.22561020611488949,3.0723219152903383
SOD1,22+12w,siMETTL3,3,0.15899024063415579,4.3596838258450745
SOD1,22w,siControl,1,0.11689659085178912,5.9295756660583274
SOD1,22w,siControl,2,0.12703073218807792,5.4565314126796673
SOD1,22w,siControl,3,0.08968214224721098,7.7289320169144533
SOD1,22w,siFTO,1,0.16324408281538583,4.2460784403673086
SOD1,22w,siFTO,2,0.21048367047927377,3.2931161784742784
SOD1,22w,siFTO,3,0.14634151378740887,4.7365041034554558
SOD1,22w,siMETTL3,1,0.24528947205284338,2.8258333908869058
SOD1,22w,siMETTL3,2,0.24519974182903781,2.8268674974512522
SOD1,22w,siMETTL3,3,0.24974223927580497,2.7754503305885003
SOD1,8w,siControl,1,0.092071574572050008,7.5283515436952531
SOD1,8w,siControl,2,0.12083506862299564,5.7363080805834477
SOD1,8w,siControl,3,0.084372537252665872,8.2153174851695514
SOD1,8w,siFTO,1,0.12822125748763688,5.4058679047565779
SOD1,8w,siFTO,2,0.1185506772510688,5.8468428576918665
SOD1,8w,siFTO,3,0.097569266749617481,7.1041548599386468
SOD1,8w,siMETTL3,1,0.1829707527835964,3.7882949597947273
SOD1,8w,siMETTL3,2,0.19940465973707241,3.4760831641241654
SOD1,8w,siMETTL3,3,0.26692608325109807,2.5967757519893624
SOD2,22+12w,siControl,1,0.10238690179890225,6.7698813850364683
SOD2,22+12w,siControl,2,0.16274124399115222,4.2591979977591281
SOD2,22+12w,siControl,3,0.10321037800911112,6.715867085563394
SOD2,22+12w,siFTO,1,0.19089246785121144,3.6310871160207823
SOD2,22+12w,siFTO,2,0.25907012142176217,2.6755195726778247
SOD2,22+12w,siFTO,3,0.1960645765205227,3.5353004242833808
SOD2,22+12w,siMETTL3,1,0.1975964091199095,3.5078936082250136
SOD2,22+12w,siMETTL3,2,0.34287827619092859,2.0215546702468044
SOD2,22+12w,siMETTL3,3,0.20059312556280387,3.455488210850612
SOD2,22w,siControl,1,0.088595062240605343,7.8237676347865186
SOD2,22w,siControl,2,0.1016604240694923,6.8182597791066533
SOD2,22w,siControl,3,0.1193742159891401,5.8065066632396007
SOD2,22w,siFTO,1,0.209009660137395,3.3163404031387675
SOD2,22w,siFTO,2,0.1929349077440172,3.5926478451457906
SOD2,22w,siFTO,3,0.070807920000957536,9.7891193605259392
SOD2,22w,siMETTL3,1,0.26060316415155871,2.6597803707280869
SOD2,22w,siMETTL3,2,0.32621805269967186,2.1247971251857165
SOD2,22w,siMETTL3,3,0.24111764332800725,2.8747260921798836
SOD2,8w,siControl,1,0.12020300541598368,5.7664712971292804
SOD2,8w,siControl,2,0.10130622799967245,6.8420984005266332
SOD2,8w,siControl,3,0.063201161963998859,10.967317040069315
SOD2,8w,siFTO,1,0.080970701669154335,8.5604689878091875
SOD2,8w,siFTO,2,0.13104831662956326,5.2892490219411012
SOD2,8w,siFTO,3,0.20600347928815205,3.3647353091080072
SOD2,8w,siMETTL3,1,0.14044935062082714,4.9352110030842606
SOD2,8w,siMETTL3,2,0.19607016684646436,3.535199626278303
SOD2,8w,siMETTL3,3,0.24958652152076014,2.7771819421037551
TXN,22+12w,siControl,1,0.087858043584416512,7.889399220390672
TXN,22+12w,siControl,2,0.16297709800729732,4.2530342547203137
TXN,22+12w,siControl,3,0.11065450743273045,6.2640663868241084
TXN,22+12w,siFTO,1,0.25412224119119237,2.7276132042234211
TXN,22+12w,siFTO,2,0.26645464180936484,2.6013702589420751
TXN,22+12w,siFTO,3,0.36073768472215245,1.9214715010820713
TXN,22+12w,siMETTL3,1,0.22067003637609539,3.1411023985992874
TXN,22+12w,siMETTL3,2,0.28437863657816714,2.4374094654238205
TXN,22+12w,siMETTL3,3,0.32682090110411727,2.1208777597095154
TXN,22w,siControl,1,0.12516976735883364,5.5376565378830485
TXN,22w,siControl,2,0.075965188179284521,9.124537135668735
TXN,22w,siControl,3,0.11594461300824424,5.9782611936499288
TXN,22w,siFTO,1,0.066094009672409457,10.487292025336078
TXN,22w,siFTO,2,0.046618460968081234,14.868512734354956
TXN,22w,siFTO,3,0.049757996626871359,13.930367529821677
TXN,22w,siMETTL3,1,0.34404391049712868,2.014705563479898
TXN,22w,siMETTL3,2,0.412793383551948,1.6791625258032175
TXN,22w,siMETTL3,3,0.28872569529257353,2.4007117892903871
TXN,8w,siControl,1,0.11080035734430267,6.255820803953271
TXN,8w,siControl,2,0.087430971254530546,7.9279364121673002
TXN,8w,siControl,3,0.08950451443884086,7.7442706092057314
TXN,8w,siFTO,1,0.010933957506831219,63.393988876112523
TXN,8w,siFTO,2,0.0747971302129284,9.2670290770077894
TXN,8w,siFTO,3,0.025314041175404652,27.381925144113826
TXN,8w,siMETTL3,1,0.21962924760896096,3.1559875932100794
TXN,8w,siMETTL3,2,0.20761479659894952,3.3386212924837961
TXN,8w,siMETTL3,3,0.4764210995723232,1.454904455705623
