path	sha256	url	archive_member	automatic
hg19_refGene.txt.gz	28e7fe22cf1923a6887c7b60e6004c75987f810b8374d4d396021a34ac0410d1	https://hgdownload.soe.ucsc.edu/goldenPath/hg19/database/refGene.txt.gz		1
GSE144620/Human.GRCh38.p13.annot.tsv.gz	a0b6ff49b0851334c709edbd52ae9c80ae998d66d9a30185de364ffb4a59efea	https://www.ncbi.nlm.nih.gov/geo/download/?format=file&type=rnaseq_counts&file=Human.GRCh38.p13.annot.tsv.gz		0
GSE145923/bw/GSM4339741_As-input-chrAs1.bw	42cba616e660ae169a3eb82e4a743eeeb8632e35e0da32b786c8fda246335fac	https://ftp.ncbi.nlm.nih.gov/geo/series/GSE145nnn/GSE145923/suppl/GSE145923_RAW.tar	GSM4339741_As-input-chrAs1.bw	1
GSE145923/bw/GSM4339742_As-input-chrAs2.bw	943956f86697822de229dad5bbcd764c2f5a290349a8f5bf00cc2855dcded415	https://ftp.ncbi.nlm.nih.gov/geo/series/GSE145nnn/GSE145923/suppl/GSE145923_RAW.tar	GSM4339742_As-input-chrAs2.bw	1
GSE145923/bw/GSM4339743_As-input-mouseAs1.bw	0aff93808ea92465e10a11d242d20aae5f950269da6c0c181b69543a43dce5ef	https://ftp.ncbi.nlm.nih.gov/geo/series/GSE145nnn/GSE145923/suppl/GSE145923_RAW.tar	GSM4339743_As-input-mouseAs1.bw	1
GSE145923/bw/GSM4339744_As-input-mouseAs2.bw	d5a39da58df0ec8eff5c825d54a9a31f69513adba3211ec92baca006c3db750b	https://ftp.ncbi.nlm.nih.gov/geo/series/GSE145nnn/GSE145923/suppl/GSE145923_RAW.tar	GSM4339744_As-input-mouseAs2.bw	1
GSE145923/bw/GSM4339745_As-input-noAs1.bw	63f19c066ce7ce2394850791ef5d7f01874331410bce228073723e9223ff899c	https://ftp.ncbi.nlm.nih.gov/geo/series/GSE145nnn/GSE145923/suppl/GSE145923_RAW.tar	GSM4339745_As-input-noAs1.bw	1
GSE145923/bw/GSM4339746_As-input-noAs2.bw	ad6391e1e63bb4894db727e445e42565b754e9cc68ca0d7cec57de7870f8daba	https://ftp.ncbi.nlm.nih.gov/geo/series/GSE145nnn/GSE145923/suppl/GSE145923_RAW.tar	GSM4339746_As-input-noAs2.bw	1
GSE145923/bw/GSM4339747_As-ip-chrAs1.bw	bae0870d5a0a82ffc464ff465f1d712d58dbc47e5b427566ad9f7df829d7b0a4	https://ftp.ncbi.nlm.nih.gov/geo/series/GSE145nnn/GSE145923/suppl/GSE145923_RAW.tar	GSM4339747_As-ip-chrAs1.bw	1
GSE145923/bw/GSM4339748_As-ip-chrAs2.bw	a25e41432446e59291a4331214048153e72f965d0ae6af5dacf8712e8d9f09b9	https://ftp.ncbi.nlm.nih.gov/geo/series/GSE145nnn/GSE145923/suppl/GSE145923_RAW.tar	GSM4339748_As-ip-chrAs2.bw	1
GSE145923/bw/GSM4339749_As-ip-mouseAs1.bw	c9f063cb53b6a4f6bc2b4958fc7729611d1a515248d19fed9eb3d31ef8c8507c	https://ftp.ncbi.nlm.nih.gov/geo/series/GSE145nnn/GSE145923/suppl/GSE145923_RAW.tar	GSM4339749_As-ip-mouseAs1.bw	1
GSE145923/bw/GSM4339750_As-ip-mouseAs2.bw	0c8b52b1ea8a28816af59326d0a00d9a958b5ecac4576e2dfe827aee088bd276	https://ftp.ncbi.nlm.nih.gov/geo/series/GSE145nnn/GSE145923/suppl/GSE145923_RAW.tar	GSM4339750_As-ip-mouseAs2.bw	1
GSE145923/bw/GSM4339751_As-ip-noAs1.bw	b21a443ce72ca6119a3acd362d45b849330e63ee98401b2937c54f70586aef84	https://ftp.ncbi.nlm.nih.gov/geo/series/GSE145nnn/GSE145923/suppl/GSE145923_RAW.tar	GSM4339751_As-ip-noAs1.bw	1
GSE145923/bw/GSM4339752_As-ip-noAs2.bw	139b288ebf361b67d54de8e0300606f3b35b35e86cfafe8ad37b3c3d2c842619	https://ftp.ncbi.nlm.nih.gov/geo/series/GSE145nnn/GSE145923/suppl/GSE145923_RAW.tar	GSM4339752_As-ip-noAs2.bw	1
GSE145924/bw/GSM4339753_M14-input-NC1.bw	980a9d216a2ad68e6b8010ccd4317d7595510287c42a75417d04a2d94dac9efd	https://ftp.ncbi.nlm.nih.gov/geo/series/GSE145nnn/GSE145924/suppl/GSE145924_RAW.tar	GSM4339753_M14-input-NC1.bw	1
GSE145924/bw/GSM4339754_M14-input-NC2.bw	d160fd1137150248d5ef1e6a57691b646a53481702bf47e37631a5f98c62533b	https://ftp.ncbi.nlm.nih.gov/geo/series/GSE145nnn/GSE145924/suppl/GSE145924_RAW.tar	GSM4339754_M14-input-NC2.bw	1
GSE145924/bw/GSM4339755_M14-input-SH1.bw	9f149ff46e989375cb3eb49b93e29ad6ef67b69c6f0dc21faef6582f01607010	https://ftp.ncbi.nlm.nih.gov/geo/series/GSE145nnn/GSE145924/suppl/GSE145924_RAW.tar	GSM4339755_M14-input-SH1.bw	1
GSE145924/bw/GSM4339756_M14-input-SH2.bw	37296e7821082912c0c51bf3723c95d58796902d811d7802552018fb77a369e6	https://ftp.ncbi.nlm.nih.gov/geo/series/GSE145nnn/GSE145924/suppl/GSE145924_RAW.tar	GSM4339756_M14-input-SH2.bw	1
GSE145924/bw/GSM4339757_M14-ip-NC1.bw	da0abae2d781661c6b563c1e43faed57c81769c0106948ccbf93e39316c3a954	https://ftp.ncbi.nlm.nih.gov/geo/series/GSE145nnn/GSE145924/suppl/GSE145924_RAW.tar	GSM4339757_M14-ip-NC1.bw	1
GSE145924/bw/GSM4339758_M14-ip-NC2.bw	25bc4a821abc4a649896b620637227e557d206b5c22d81942503c5b4f84d3d91	https://ftp.ncbi.nlm.nih.gov/geo/series/GSE145nnn/GSE145924/suppl/GSE145924_RAW.tar	GSM4339758_M14-ip-NC2.bw	1
GSE145924/bw/GSM4339759_M14-ip-SH1.bw	193ba9b96bb2ac8937a8e67ccce2fad598dced9f492d280486f2370086d7031e	https://ftp.ncbi.nlm.nih.gov/geo/series/GSE145nnn/GSE145924/suppl/GSE145924_RAW.tar	GSM4339759_M14-ip-SH1.bw	1
GSE145924/bw/GSM4339760_M14-ip-SH2.bw	3f6e893f74bf9426d202451277104c767cb6a029adc91d10abff931ee76e75c1	https://ftp.ncbi.nlm.nih.gov/geo/series/GSE145nnn/GSE145924/suppl/GSE145924_RAW.tar	GSM4339760_M14-ip-SH2.bw	1
GSE145924/bw/GSM4773964_M14-input-UVB1.bw	da172e0860cf236d7c481b0b2976260034ac75275becefc8e1c0bcbbb8d12aaa	https://ftp.ncbi.nlm.nih.gov/geo/series/GSE145nnn/GSE145924/suppl/GSE145924_RAW.tar	GSM4773964_M14-input-UVB1.bw	1
GSE145924/bw/GSM4773965_M14-input-UVB2.bw	772b243165d8418b41c84a8047361273208aaf53da75ac0ad2d0d8f2ff82441d	https://ftp.ncbi.nlm.nih.gov/geo/series/GSE145nnn/GSE145924/suppl/GSE145924_RAW.tar	GSM4773965_M14-input-UVB2.bw	1
GSE145924/bw/GSM4773966_M14-ip-UVB1.bw	d473c4e1381998dad68460423d5ba4aa104f91439303e14fb0fd7786873972ed	https://ftp.ncbi.nlm.nih.gov/geo/series/GSE145nnn/GSE145924/suppl/GSE145924_RAW.tar	GSM4773966_M14-ip-UVB1.bw	1
GSE145924/bw/GSM4773967_M14-ip-UVB2.bw	01be663e3ec88edeed3fdb76c96f81d3f0b8a8282430f7ad24e50580f2a5ca72	https://ftp.ncbi.nlm.nih.gov/geo/series/GSE145nnn/GSE145924/suppl/GSE145924_RAW.tar	GSM4773967_M14-ip-UVB2.bw	1
papers/NatCommun2021_NEDD4L_SourceData.xlsx	1898aa27cbb2aff7caa6ebcebb0b0f680fbac59ee90fba1b30effa40f9a2a344	https://static-content.springer.com/esm/art%3A10.1038%2Fs41467-021-22469-6/MediaObjects/41467_2021_22469_MOESM3_ESM.xlsx		1
papers/Zhao-PMID-38142659.xlsx	4976218e8563068218ca7471c7e6b220668bf910d9be27ea829da0fd60dc048a	https://doi.org/10.1016/j.jhazmat.2023.133329		0
papers/JBC2022_APOBEC3B_supp.zip	f63b82cb6b7a34cecff4bd571de824ec55033d5ae80a747978e5d0d13a1a8aa8	https://www.ebi.ac.uk/europepmc/webservices/rest/PMC8814665/supplementaryFiles		0
